,date,hpi_type,hpi_flavor,frequency,level,place_name,place_id,yr,period,index_nsa,index_sa
0,1991-01-01,traditional,purchase-only,monthly,USA or Census Division,East North Central Division,DV_ENC,1991,1,100.0,100.0
1,1991-02-01,traditional,purchase-only,monthly,USA or Census Division,East North Central Division,DV_ENC,1991,2,100.92,100.98
2,1991-03-01,traditional,purchase-only,monthly,USA or Census Division,East North Central Division,DV_ENC,1991,3,101.3,100.91
3,1991-04-01,traditional,purchase-only,monthly,USA or Census Division,East North Central Division,DV_ENC,1991,4,101.7,100.99
4,1991-05-01,traditional,purchase-only,monthly,USA or Census Division,East North Central Division,DV_ENC,1991,5,102.31,101.35
5,1991-06-01,traditional,purchase-only,monthly,USA or Census Division,East North Central Division,DV_ENC,1991,6,102.77,101.49
6,1991-07-01,traditional,purchase-only,monthly,USA or Census Division,East North Central Division,DV_ENC,1991,7,102.97,101.85
7,1991-08-01,traditional,purchase-only,monthly,USA or Census Division,East North Central Division,DV_ENC,1991,8,103.13,102.03
8,1991-09-01,traditional,purchase-only,monthly,USA or Census Division,East North Central Division,DV_ENC,1991,9,102.82,101.99
9,1991-10-01,traditional,purchase-only,monthly,USA or Census Division,East North Central Division,DV_ENC,1991,10,103.06,102.31
10,1991-11-01,traditional,purchase-only,monthly,USA or Census Division,East North Central Division,DV_ENC,1991,11,103.95,103.31
11,1991-12-01,traditional,purchase-only,monthly,USA or Census Division,East North Central Division,DV_ENC,1991,12,103.74,103.42
12,1992-01-01,traditional,purchase-only,monthly,USA or Census Division,East North Central Division,DV_ENC,1992,1,103.84,103.86
13,1992-02-01,traditional,purchase-only,monthly,USA or Census Division,East North Central Division,DV_ENC,1992,2,104.34,104.38
14,1992-03-01,traditional,purchase-only,monthly,USA or Census Division,East North Central Division,DV_ENC,1992,3,105.52,105.13
15,1992-04-01,traditional,purchase-only,monthly,USA or Census Division,East North Central Division,DV_ENC,1992,4,105.9,105.16
16,1992-05-01,traditional,purchase-only,monthly,USA or Census Division,East North Central Division,DV_ENC,1992,5,106.56,105.56
17,1992-06-01,traditional,purchase-only,monthly,USA or Census Division,East North Central Division,DV_ENC,1992,6,106.91,105.56
18,1992-07-01,traditional,purchase-only,monthly,USA or Census Division,East North Central Division,DV_ENC,1992,7,107.14,105.97
19,1992-08-01,traditional,purchase-only,monthly,USA or Census Division,East North Central Division,DV_ENC,1992,8,107.59,106.43
20,1992-09-01,traditional,purchase-only,monthly,USA or Census Division,East North Central Division,DV_ENC,1992,9,107.58,106.71
21,1992-10-01,traditional,purchase-only,monthly,USA or Census Division,East North Central Division,DV_ENC,1992,10,108.17,107.35
22,1992-11-01,traditional,purchase-only,monthly,USA or Census Division,East North Central Division,DV_ENC,1992,11,108.42,107.76
23,1992-12-01,traditional,purchase-only,monthly,USA or Census Division,East North Central Division,DV_ENC,1992,12,108.73,108.4
24,1993-01-01,traditional,purchase-only,monthly,USA or Census Division,East North Central Division,DV_ENC,1993,1,108.46,108.54
25,1993-02-01,traditional,purchase-only,monthly,USA or Census Division,East North Central Division,DV_ENC,1993,2,108.3,108.33
26,1993-03-01,traditional,purchase-only,monthly,USA or Census Division,East North Central Division,DV_ENC,1993,3,109.27,108.91
27,1993-04-01,traditional,purchase-only,monthly,USA or Census Division,East North Central Division,DV_ENC,1993,4,110.24,109.46
28,1993-05-01,traditional,purchase-only,monthly,USA or Census Division,East North Central Division,DV_ENC,1993,5,110.85,109.8
29,1993-06-01,traditional,purchase-only,monthly,USA or Census Division,East North Central Division,DV_ENC,1993,6,111.95,110.51
30,1993-07-01,traditional,purchase-only,monthly,USA or Census Division,East North Central Division,DV_ENC,1993,7,112.18,110.93
31,1993-08-01,traditional,purchase-only,monthly,USA or Census Division,East North Central Division,DV_ENC,1993,8,112.62,111.39
32,1993-09-01,traditional,purchase-only,monthly,USA or Census Division,East North Central Division,DV_ENC,1993,9,113.11,112.17
33,1993-10-01,traditional,purchase-only,monthly,USA or Census Division,East North Central Division,DV_ENC,1993,10,113.22,112.34
34,1993-11-01,traditional,purchase-only,monthly,USA or Census Division,East North Central Division,DV_ENC,1993,11,113.54,112.88
35,1993-12-01,traditional,purchase-only,monthly,USA or Census Division,East North Central Division,DV_ENC,1993,12,113.78,113.45
36,1994-01-01,traditional,purchase-only,monthly,USA or Census Division,East North Central Division,DV_ENC,1994,1,114.03,114.18
37,1994-02-01,traditional,purchase-only,monthly,USA or Census Division,East North Central Division,DV_ENC,1994,2,114.4,114.42
38,1994-03-01,traditional,purchase-only,monthly,USA or Census Division,East North Central Division,DV_ENC,1994,3,115.16,114.81
39,1994-04-01,traditional,purchase-only,monthly,USA or Census Division,East North Central Division,DV_ENC,1994,4,116.35,115.52
40,1994-05-01,traditional,purchase-only,monthly,USA or Census Division,East North Central Division,DV_ENC,1994,5,117.17,116.05
41,1994-06-01,traditional,purchase-only,monthly,USA or Census Division,East North Central Division,DV_ENC,1994,6,117.9,116.36
42,1994-07-01,traditional,purchase-only,monthly,USA or Census Division,East North Central Division,DV_ENC,1994,7,117.9,116.54
43,1994-08-01,traditional,purchase-only,monthly,USA or Census Division,East North Central Division,DV_ENC,1994,8,118.35,117.05
44,1994-09-01,traditional,purchase-only,monthly,USA or Census Division,East North Central Division,DV_ENC,1994,9,118.4,117.38
45,1994-10-01,traditional,purchase-only,monthly,USA or Census Division,East North Central Division,DV_ENC,1994,10,118.99,118.04
46,1994-11-01,traditional,purchase-only,monthly,USA or Census Division,East North Central Division,DV_ENC,1994,11,119.18,118.52
47,1994-12-01,traditional,purchase-only,monthly,USA or Census Division,East North Central Division,DV_ENC,1994,12,118.9,118.59
48,1995-01-01,traditional,purchase-only,monthly,USA or Census Division,East North Central Division,DV_ENC,1995,1,119.12,119.36
49,1995-02-01,traditional,purchase-only,monthly,USA or Census Division,East North Central Division,DV_ENC,1995,2,120.02,120.0
50,1995-03-01,traditional,purchase-only,monthly,USA or Census Division,East North Central Division,DV_ENC,1995,3,120.5,120.16
51,1995-04-01,traditional,purchase-only,monthly,USA or Census Division,East North Central Division,DV_ENC,1995,4,121.71,120.85
52,1995-05-01,traditional,purchase-only,monthly,USA or Census Division,East North Central Division,DV_ENC,1995,5,122.03,120.81
53,1995-06-01,traditional,purchase-only,monthly,USA or Census Division,East North Central Division,DV_ENC,1995,6,123.23,121.62
54,1995-07-01,traditional,purchase-only,monthly,USA or Census Division,East North Central Division,DV_ENC,1995,7,123.71,122.22
55,1995-08-01,traditional,purchase-only,monthly,USA or Census Division,East North Central Division,DV_ENC,1995,8,124.29,122.9
56,1995-09-01,traditional,purchase-only,monthly,USA or Census Division,East North Central Division,DV_ENC,1995,9,124.49,123.39
57,1995-10-01,traditional,purchase-only,monthly,USA or Census Division,East North Central Division,DV_ENC,1995,10,124.8,123.8
58,1995-11-01,traditional,purchase-only,monthly,USA or Census Division,East North Central Division,DV_ENC,1995,11,124.71,124.04
59,1995-12-01,traditional,purchase-only,monthly,USA or Census Division,East North Central Division,DV_ENC,1995,12,125.11,124.84
60,1996-01-01,traditional,purchase-only,monthly,USA or Census Division,East North Central Division,DV_ENC,1996,1,124.88,125.23
61,1996-02-01,traditional,purchase-only,monthly,USA or Census Division,East North Central Division,DV_ENC,1996,2,126.0,125.96
62,1996-03-01,traditional,purchase-only,monthly,USA or Census Division,East North Central Division,DV_ENC,1996,3,126.78,126.41
63,1996-04-01,traditional,purchase-only,monthly,USA or Census Division,East North Central Division,DV_ENC,1996,4,128.32,127.45
64,1996-05-01,traditional,purchase-only,monthly,USA or Census Division,East North Central Division,DV_ENC,1996,5,128.99,127.65
65,1996-06-01,traditional,purchase-only,monthly,USA or Census Division,East North Central Division,DV_ENC,1996,6,129.52,127.83
66,1996-07-01,traditional,purchase-only,monthly,USA or Census Division,East North Central Division,DV_ENC,1996,7,130.12,128.5
67,1996-08-01,traditional,purchase-only,monthly,USA or Census Division,East North Central Division,DV_ENC,1996,8,129.86,128.39
68,1996-09-01,traditional,purchase-only,monthly,USA or Census Division,East North Central Division,DV_ENC,1996,9,130.1,128.92
69,1996-10-01,traditional,purchase-only,monthly,USA or Census Division,East North Central Division,DV_ENC,1996,10,129.92,128.86
70,1996-11-01,traditional,purchase-only,monthly,USA or Census Division,East North Central Division,DV_ENC,1996,11,130.72,130.07
71,1996-12-01,traditional,purchase-only,monthly,USA or Census Division,East North Central Division,DV_ENC,1996,12,130.55,130.32
72,1997-01-01,traditional,purchase-only,monthly,USA or Census Division,East North Central Division,DV_ENC,1997,1,129.96,130.37
73,1997-02-01,traditional,purchase-only,monthly,USA or Census Division,East North Central Division,DV_ENC,1997,2,130.66,130.62
74,1997-03-01,traditional,purchase-only,monthly,USA or Census Division,East North Central Division,DV_ENC,1997,3,131.84,131.41
75,1997-04-01,traditional,purchase-only,monthly,USA or Census Division,East North Central Division,DV_ENC,1997,4,132.21,131.35
76,1997-05-01,traditional,purchase-only,monthly,USA or Census Division,East North Central Division,DV_ENC,1997,5,133.6,132.15
77,1997-06-01,traditional,purchase-only,monthly,USA or Census Division,East North Central Division,DV_ENC,1997,6,134.05,132.32
78,1997-07-01,traditional,purchase-only,monthly,USA or Census Division,East North Central Division,DV_ENC,1997,7,134.38,132.64
79,1997-08-01,traditional,purchase-only,monthly,USA or Census Division,East North Central Division,DV_ENC,1997,8,134.62,133.08
80,1997-09-01,traditional,purchase-only,monthly,USA or Census Division,East North Central Division,DV_ENC,1997,9,134.54,133.3
81,1997-10-01,traditional,purchase-only,monthly,USA or Census Division,East North Central Division,DV_ENC,1997,10,134.87,133.78
82,1997-11-01,traditional,purchase-only,monthly,USA or Census Division,East North Central Division,DV_ENC,1997,11,134.8,134.17
83,1997-12-01,traditional,purchase-only,monthly,USA or Census Division,East North Central Division,DV_ENC,1997,12,134.66,134.48
84,1998-01-01,traditional,purchase-only,monthly,USA or Census Division,East North Central Division,DV_ENC,1998,1,134.63,135.06
85,1998-02-01,traditional,purchase-only,monthly,USA or Census Division,East North Central Division,DV_ENC,1998,2,135.77,135.74
86,1998-03-01,traditional,purchase-only,monthly,USA or Census Division,East North Central Division,DV_ENC,1998,3,136.61,136.12
87,1998-04-01,traditional,purchase-only,monthly,USA or Census Division,East North Central Division,DV_ENC,1998,4,137.36,136.5
88,1998-05-01,traditional,purchase-only,monthly,USA or Census Division,East North Central Division,DV_ENC,1998,5,138.44,136.89
89,1998-06-01,traditional,purchase-only,monthly,USA or Census Division,East North Central Division,DV_ENC,1998,6,139.38,137.6
90,1998-07-01,traditional,purchase-only,monthly,USA or Census Division,East North Central Division,DV_ENC,1998,7,139.76,137.9
91,1998-08-01,traditional,purchase-only,monthly,USA or Census Division,East North Central Division,DV_ENC,1998,8,140.1,138.47
92,1998-09-01,traditional,purchase-only,monthly,USA or Census Division,East North Central Division,DV_ENC,1998,9,140.61,139.27
93,1998-10-01,traditional,purchase-only,monthly,USA or Census Division,East North Central Division,DV_ENC,1998,10,141.16,140.03
94,1998-11-01,traditional,purchase-only,monthly,USA or Census Division,East North Central Division,DV_ENC,1998,11,141.49,140.88
95,1998-12-01,traditional,purchase-only,monthly,USA or Census Division,East North Central Division,DV_ENC,1998,12,141.38,141.27
96,1999-01-01,traditional,purchase-only,monthly,USA or Census Division,East North Central Division,DV_ENC,1999,1,141.4,141.82
97,1999-02-01,traditional,purchase-only,monthly,USA or Census Division,East North Central Division,DV_ENC,1999,2,142.56,142.55
98,1999-03-01,traditional,purchase-only,monthly,USA or Census Division,East North Central Division,DV_ENC,1999,3,143.53,142.99
99,1999-04-01,traditional,purchase-only,monthly,USA or Census Division,East North Central Division,DV_ENC,1999,4,144.34,143.46
100,1999-05-01,traditional,purchase-only,monthly,USA or Census Division,East North Central Division,DV_ENC,1999,5,146.09,144.43
101,1999-06-01,traditional,purchase-only,monthly,USA or Census Division,East North Central Division,DV_ENC,1999,6,146.74,144.84
102,1999-07-01,traditional,purchase-only,monthly,USA or Census Division,East North Central Division,DV_ENC,1999,7,147.56,145.55
103,1999-08-01,traditional,purchase-only,monthly,USA or Census Division,East North Central Division,DV_ENC,1999,8,148.25,146.49
104,1999-09-01,traditional,purchase-only,monthly,USA or Census Division,East North Central Division,DV_ENC,1999,9,148.22,146.77
105,1999-10-01,traditional,purchase-only,monthly,USA or Census Division,East North Central Division,DV_ENC,1999,10,148.64,147.44
106,1999-11-01,traditional,purchase-only,monthly,USA or Census Division,East North Central Division,DV_ENC,1999,11,148.38,147.74
107,1999-12-01,traditional,purchase-only,monthly,USA or Census Division,East North Central Division,DV_ENC,1999,12,148.6,148.56
108,2000-01-01,traditional,purchase-only,monthly,USA or Census Division,East North Central Division,DV_ENC,2000,1,149.78,150.21
109,2000-02-01,traditional,purchase-only,monthly,USA or Census Division,East North Central Division,DV_ENC,2000,2,149.3,149.33
110,2000-03-01,traditional,purchase-only,monthly,USA or Census Division,East North Central Division,DV_ENC,2000,3,151.32,150.76
111,2000-04-01,traditional,purchase-only,monthly,USA or Census Division,East North Central Division,DV_ENC,2000,4,152.38,151.46
112,2000-05-01,traditional,purchase-only,monthly,USA or Census Division,East North Central Division,DV_ENC,2000,5,153.58,151.84
113,2000-06-01,traditional,purchase-only,monthly,USA or Census Division,East North Central Division,DV_ENC,2000,6,154.93,152.89
114,2000-07-01,traditional,purchase-only,monthly,USA or Census Division,East North Central Division,DV_ENC,2000,7,155.74,153.59
115,2000-08-01,traditional,purchase-only,monthly,USA or Census Division,East North Central Division,DV_ENC,2000,8,155.87,153.97
116,2000-09-01,traditional,purchase-only,monthly,USA or Census Division,East North Central Division,DV_ENC,2000,9,156.02,154.44
117,2000-10-01,traditional,purchase-only,monthly,USA or Census Division,East North Central Division,DV_ENC,2000,10,156.15,154.86
118,2000-11-01,traditional,purchase-only,monthly,USA or Census Division,East North Central Division,DV_ENC,2000,11,156.01,155.37
119,2000-12-01,traditional,purchase-only,monthly,USA or Census Division,East North Central Division,DV_ENC,2000,12,156.37,156.38
120,2001-01-01,traditional,purchase-only,monthly,USA or Census Division,East North Central Division,DV_ENC,2001,1,156.48,156.95
121,2001-02-01,traditional,purchase-only,monthly,USA or Census Division,East North Central Division,DV_ENC,2001,2,157.54,157.65
122,2001-03-01,traditional,purchase-only,monthly,USA or Census Division,East North Central Division,DV_ENC,2001,3,158.69,158.16
123,2001-04-01,traditional,purchase-only,monthly,USA or Census Division,East North Central Division,DV_ENC,2001,4,159.88,158.91
124,2001-05-01,traditional,purchase-only,monthly,USA or Census Division,East North Central Division,DV_ENC,2001,5,161.28,159.44
125,2001-06-01,traditional,purchase-only,monthly,USA or Census Division,East North Central Division,DV_ENC,2001,6,162.08,159.91
126,2001-07-01,traditional,purchase-only,monthly,USA or Census Division,East North Central Division,DV_ENC,2001,7,162.71,160.4
127,2001-08-01,traditional,purchase-only,monthly,USA or Census Division,East North Central Division,DV_ENC,2001,8,162.97,160.89
128,2001-09-01,traditional,purchase-only,monthly,USA or Census Division,East North Central Division,DV_ENC,2001,9,163.34,161.64
129,2001-10-01,traditional,purchase-only,monthly,USA or Census Division,East North Central Division,DV_ENC,2001,10,164.07,162.68
130,2001-11-01,traditional,purchase-only,monthly,USA or Census Division,East North Central Division,DV_ENC,2001,11,163.52,162.84
131,2001-12-01,traditional,purchase-only,monthly,USA or Census Division,East North Central Division,DV_ENC,2001,12,163.43,163.45
132,2002-01-01,traditional,purchase-only,monthly,USA or Census Division,East North Central Division,DV_ENC,2002,1,163.8,164.37
133,2002-02-01,traditional,purchase-only,monthly,USA or Census Division,East North Central Division,DV_ENC,2002,2,164.33,164.55
134,2002-03-01,traditional,purchase-only,monthly,USA or Census Division,East North Central Division,DV_ENC,2002,3,165.81,165.35
135,2002-04-01,traditional,purchase-only,monthly,USA or Census Division,East North Central Division,DV_ENC,2002,4,166.72,165.67
136,2002-05-01,traditional,purchase-only,monthly,USA or Census Division,East North Central Division,DV_ENC,2002,5,168.22,166.26
137,2002-06-01,traditional,purchase-only,monthly,USA or Census Division,East North Central Division,DV_ENC,2002,6,169.45,167.12
138,2002-07-01,traditional,purchase-only,monthly,USA or Census Division,East North Central Division,DV_ENC,2002,7,169.99,167.52
139,2002-08-01,traditional,purchase-only,monthly,USA or Census Division,East North Central Division,DV_ENC,2002,8,170.36,168.09
140,2002-09-01,traditional,purchase-only,monthly,USA or Census Division,East North Central Division,DV_ENC,2002,9,170.74,168.9
141,2002-10-01,traditional,purchase-only,monthly,USA or Census Division,East North Central Division,DV_ENC,2002,10,170.84,169.33
142,2002-11-01,traditional,purchase-only,monthly,USA or Census Division,East North Central Division,DV_ENC,2002,11,171.26,170.57
143,2002-12-01,traditional,purchase-only,monthly,USA or Census Division,East North Central Division,DV_ENC,2002,12,170.66,170.72
144,2003-01-01,traditional,purchase-only,monthly,USA or Census Division,East North Central Division,DV_ENC,2003,1,171.21,171.95
145,2003-02-01,traditional,purchase-only,monthly,USA or Census Division,East North Central Division,DV_ENC,2003,2,171.8,172.18
146,2003-03-01,traditional,purchase-only,monthly,USA or Census Division,East North Central Division,DV_ENC,2003,3,172.9,172.54
147,2003-04-01,traditional,purchase-only,monthly,USA or Census Division,East North Central Division,DV_ENC,2003,4,174.31,173.17
148,2003-05-01,traditional,purchase-only,monthly,USA or Census Division,East North Central Division,DV_ENC,2003,5,176.1,173.95
149,2003-06-01,traditional,purchase-only,monthly,USA or Census Division,East North Central Division,DV_ENC,2003,6,176.87,174.32
150,2003-07-01,traditional,purchase-only,monthly,USA or Census Division,East North Central Division,DV_ENC,2003,7,177.84,175.17
151,2003-08-01,traditional,purchase-only,monthly,USA or Census Division,East North Central Division,DV_ENC,2003,8,178.43,175.94
152,2003-09-01,traditional,purchase-only,monthly,USA or Census Division,East North Central Division,DV_ENC,2003,9,178.52,176.55
153,2003-10-01,traditional,purchase-only,monthly,USA or Census Division,East North Central Division,DV_ENC,2003,10,178.94,177.33
154,2003-11-01,traditional,purchase-only,monthly,USA or Census Division,East North Central Division,DV_ENC,2003,11,178.85,178.17
155,2003-12-01,traditional,purchase-only,monthly,USA or Census Division,East North Central Division,DV_ENC,2003,12,179.0,179.13
156,2004-01-01,traditional,purchase-only,monthly,USA or Census Division,East North Central Division,DV_ENC,2004,1,177.93,178.87
157,2004-02-01,traditional,purchase-only,monthly,USA or Census Division,East North Central Division,DV_ENC,2004,2,179.8,180.37
158,2004-03-01,traditional,purchase-only,monthly,USA or Census Division,East North Central Division,DV_ENC,2004,3,180.9,180.67
159,2004-04-01,traditional,purchase-only,monthly,USA or Census Division,East North Central Division,DV_ENC,2004,4,182.49,181.24
160,2004-05-01,traditional,purchase-only,monthly,USA or Census Division,East North Central Division,DV_ENC,2004,5,184.32,181.89
161,2004-06-01,traditional,purchase-only,monthly,USA or Census Division,East North Central Division,DV_ENC,2004,6,185.54,182.69
162,2004-07-01,traditional,purchase-only,monthly,USA or Census Division,East North Central Division,DV_ENC,2004,7,186.27,183.38
163,2004-08-01,traditional,purchase-only,monthly,USA or Census Division,East North Central Division,DV_ENC,2004,8,186.8,184.03
164,2004-09-01,traditional,purchase-only,monthly,USA or Census Division,East North Central Division,DV_ENC,2004,9,186.34,184.24
165,2004-10-01,traditional,purchase-only,monthly,USA or Census Division,East North Central Division,DV_ENC,2004,10,186.84,185.16
166,2004-11-01,traditional,purchase-only,monthly,USA or Census Division,East North Central Division,DV_ENC,2004,11,186.56,185.94
167,2004-12-01,traditional,purchase-only,monthly,USA or Census Division,East North Central Division,DV_ENC,2004,12,186.17,186.45
168,2005-01-01,traditional,purchase-only,monthly,USA or Census Division,East North Central Division,DV_ENC,2005,1,186.14,187.36
169,2005-02-01,traditional,purchase-only,monthly,USA or Census Division,East North Central Division,DV_ENC,2005,2,185.9,186.63
170,2005-03-01,traditional,purchase-only,monthly,USA or Census Division,East North Central Division,DV_ENC,2005,3,188.29,188.16
171,2005-04-01,traditional,purchase-only,monthly,USA or Census Division,East North Central Division,DV_ENC,2005,4,190.28,188.95
172,2005-05-01,traditional,purchase-only,monthly,USA or Census Division,East North Central Division,DV_ENC,2005,5,191.77,189.06
173,2005-06-01,traditional,purchase-only,monthly,USA or Census Division,East North Central Division,DV_ENC,2005,6,192.63,189.42
174,2005-07-01,traditional,purchase-only,monthly,USA or Census Division,East North Central Division,DV_ENC,2005,7,193.09,189.93
175,2005-08-01,traditional,purchase-only,monthly,USA or Census Division,East North Central Division,DV_ENC,2005,8,193.22,190.15
176,2005-09-01,traditional,purchase-only,monthly,USA or Census Division,East North Central Division,DV_ENC,2005,9,193.86,191.68
177,2005-10-01,traditional,purchase-only,monthly,USA or Census Division,East North Central Division,DV_ENC,2005,10,193.62,191.93
178,2005-11-01,traditional,purchase-only,monthly,USA or Census Division,East North Central Division,DV_ENC,2005,11,192.64,192.14
179,2005-12-01,traditional,purchase-only,monthly,USA or Census Division,East North Central Division,DV_ENC,2005,12,191.6,192.12
180,2006-01-01,traditional,purchase-only,monthly,USA or Census Division,East North Central Division,DV_ENC,2006,1,191.22,192.69
181,2006-02-01,traditional,purchase-only,monthly,USA or Census Division,East North Central Division,DV_ENC,2006,2,191.74,192.65
182,2006-03-01,traditional,purchase-only,monthly,USA or Census Division,East North Central Division,DV_ENC,2006,3,192.57,192.54
183,2006-04-01,traditional,purchase-only,monthly,USA or Census Division,East North Central Division,DV_ENC,2006,4,194.82,193.53
184,2006-05-01,traditional,purchase-only,monthly,USA or Census Division,East North Central Division,DV_ENC,2006,5,196.12,193.06
185,2006-06-01,traditional,purchase-only,monthly,USA or Census Division,East North Central Division,DV_ENC,2006,6,196.13,192.57
186,2006-07-01,traditional,purchase-only,monthly,USA or Census Division,East North Central Division,DV_ENC,2006,7,196.12,192.73
187,2006-08-01,traditional,purchase-only,monthly,USA or Census Division,East North Central Division,DV_ENC,2006,8,195.67,192.38
188,2006-09-01,traditional,purchase-only,monthly,USA or Census Division,East North Central Division,DV_ENC,2006,9,194.65,192.39
189,2006-10-01,traditional,purchase-only,monthly,USA or Census Division,East North Central Division,DV_ENC,2006,10,193.63,191.97
190,2006-11-01,traditional,purchase-only,monthly,USA or Census Division,East North Central Division,DV_ENC,2006,11,191.66,191.22
191,2006-12-01,traditional,purchase-only,monthly,USA or Census Division,East North Central Division,DV_ENC,2006,12,191.4,192.14
192,2007-01-01,traditional,purchase-only,monthly,USA or Census Division,East North Central Division,DV_ENC,2007,1,191.49,193.18
193,2007-02-01,traditional,purchase-only,monthly,USA or Census Division,East North Central Division,DV_ENC,2007,2,191.08,192.16
194,2007-03-01,traditional,purchase-only,monthly,USA or Census Division,East North Central Division,DV_ENC,2007,3,192.12,192.29
195,2007-04-01,traditional,purchase-only,monthly,USA or Census Division,East North Central Division,DV_ENC,2007,4,192.81,191.64
196,2007-05-01,traditional,purchase-only,monthly,USA or Census Division,East North Central Division,DV_ENC,2007,5,194.01,190.68
197,2007-06-01,traditional,purchase-only,monthly,USA or Census Division,East North Central Division,DV_ENC,2007,6,194.16,190.35
198,2007-07-01,traditional,purchase-only,monthly,USA or Census Division,East North Central Division,DV_ENC,2007,7,192.43,188.91
199,2007-08-01,traditional,purchase-only,monthly,USA or Census Division,East North Central Division,DV_ENC,2007,8,191.81,188.36
200,2007-09-01,traditional,purchase-only,monthly,USA or Census Division,East North Central Division,DV_ENC,2007,9,189.35,187.08
201,2007-10-01,traditional,purchase-only,monthly,USA or Census Division,East North Central Division,DV_ENC,2007,10,187.57,185.93
202,2007-11-01,traditional,purchase-only,monthly,USA or Census Division,East North Central Division,DV_ENC,2007,11,185.5,184.94
203,2007-12-01,traditional,purchase-only,monthly,USA or Census Division,East North Central Division,DV_ENC,2007,12,182.84,183.73
204,2008-01-01,traditional,purchase-only,monthly,USA or Census Division,East North Central Division,DV_ENC,2008,1,180.72,182.45
205,2008-02-01,traditional,purchase-only,monthly,USA or Census Division,East North Central Division,DV_ENC,2008,2,180.91,182.18
206,2008-03-01,traditional,purchase-only,monthly,USA or Census Division,East North Central Division,DV_ENC,2008,3,180.79,181.3
207,2008-04-01,traditional,purchase-only,monthly,USA or Census Division,East North Central Division,DV_ENC,2008,4,180.45,179.52
208,2008-05-01,traditional,purchase-only,monthly,USA or Census Division,East North Central Division,DV_ENC,2008,5,181.17,177.83
209,2008-06-01,traditional,purchase-only,monthly,USA or Census Division,East North Central Division,DV_ENC,2008,6,181.18,177.37
210,2008-07-01,traditional,purchase-only,monthly,USA or Census Division,East North Central Division,DV_ENC,2008,7,179.8,176.26
211,2008-08-01,traditional,purchase-only,monthly,USA or Census Division,East North Central Division,DV_ENC,2008,8,178.62,175.21
212,2008-09-01,traditional,purchase-only,monthly,USA or Census Division,East North Central Division,DV_ENC,2008,9,174.68,172.44
213,2008-10-01,traditional,purchase-only,monthly,USA or Census Division,East North Central Division,DV_ENC,2008,10,173.79,172.23
214,2008-11-01,traditional,purchase-only,monthly,USA or Census Division,East North Central Division,DV_ENC,2008,11,170.04,169.25
215,2008-12-01,traditional,purchase-only,monthly,USA or Census Division,East North Central Division,DV_ENC,2008,12,168.36,169.3
216,2009-01-01,traditional,purchase-only,monthly,USA or Census Division,East North Central Division,DV_ENC,2009,1,170.65,172.55
217,2009-02-01,traditional,purchase-only,monthly,USA or Census Division,East North Central Division,DV_ENC,2009,2,170.12,171.65
218,2009-03-01,traditional,purchase-only,monthly,USA or Census Division,East North Central Division,DV_ENC,2009,3,169.23,170.11
219,2009-04-01,traditional,purchase-only,monthly,USA or Census Division,East North Central Division,DV_ENC,2009,4,169.42,168.72
220,2009-05-01,traditional,purchase-only,monthly,USA or Census Division,East North Central Division,DV_ENC,2009,5,173.22,169.88
221,2009-06-01,traditional,purchase-only,monthly,USA or Census Division,East North Central Division,DV_ENC,2009,6,172.39,168.5
222,2009-07-01,traditional,purchase-only,monthly,USA or Census Division,East North Central Division,DV_ENC,2009,7,171.03,167.36
223,2009-08-01,traditional,purchase-only,monthly,USA or Census Division,East North Central Division,DV_ENC,2009,8,170.47,166.97
224,2009-09-01,traditional,purchase-only,monthly,USA or Census Division,East North Central Division,DV_ENC,2009,9,169.79,167.46
225,2009-10-01,traditional,purchase-only,monthly,USA or Census Division,East North Central Division,DV_ENC,2009,10,168.12,166.53
226,2009-11-01,traditional,purchase-only,monthly,USA or Census Division,East North Central Division,DV_ENC,2009,11,169.0,167.96
227,2009-12-01,traditional,purchase-only,monthly,USA or Census Division,East North Central Division,DV_ENC,2009,12,164.73,165.78
228,2010-01-01,traditional,purchase-only,monthly,USA or Census Division,East North Central Division,DV_ENC,2010,1,163.35,165.47
229,2010-02-01,traditional,purchase-only,monthly,USA or Census Division,East North Central Division,DV_ENC,2010,2,163.04,164.89
230,2010-03-01,traditional,purchase-only,monthly,USA or Census Division,East North Central Division,DV_ENC,2010,3,163.68,164.86
231,2010-04-01,traditional,purchase-only,monthly,USA or Census Division,East North Central Division,DV_ENC,2010,4,165.62,164.99
232,2010-05-01,traditional,purchase-only,monthly,USA or Census Division,East North Central Division,DV_ENC,2010,5,168.44,165.06
233,2010-06-01,traditional,purchase-only,monthly,USA or Census Division,East North Central Division,DV_ENC,2010,6,167.37,163.3
234,2010-07-01,traditional,purchase-only,monthly,USA or Census Division,East North Central Division,DV_ENC,2010,7,166.49,162.51
235,2010-08-01,traditional,purchase-only,monthly,USA or Census Division,East North Central Division,DV_ENC,2010,8,166.62,162.96
236,2010-09-01,traditional,purchase-only,monthly,USA or Census Division,East North Central Division,DV_ENC,2010,9,163.54,161.0
237,2010-10-01,traditional,purchase-only,monthly,USA or Census Division,East North Central Division,DV_ENC,2010,10,164.87,163.26
238,2010-11-01,traditional,purchase-only,monthly,USA or Census Division,East North Central Division,DV_ENC,2010,11,163.49,162.28
239,2010-12-01,traditional,purchase-only,monthly,USA or Census Division,East North Central Division,DV_ENC,2010,12,159.15,160.23
240,2011-01-01,traditional,purchase-only,monthly,USA or Census Division,East North Central Division,DV_ENC,2011,1,157.5,159.85
241,2011-02-01,traditional,purchase-only,monthly,USA or Census Division,East North Central Division,DV_ENC,2011,2,156.25,158.4
242,2011-03-01,traditional,purchase-only,monthly,USA or Census Division,East North Central Division,DV_ENC,2011,3,153.84,155.17
243,2011-04-01,traditional,purchase-only,monthly,USA or Census Division,East North Central Division,DV_ENC,2011,4,156.12,155.47
244,2011-05-01,traditional,purchase-only,monthly,USA or Census Division,East North Central Division,DV_ENC,2011,5,159.47,156.23
245,2011-06-01,traditional,purchase-only,monthly,USA or Census Division,East North Central Division,DV_ENC,2011,6,161.34,157.21
246,2011-07-01,traditional,purchase-only,monthly,USA or Census Division,East North Central Division,DV_ENC,2011,7,162.78,158.54
247,2011-08-01,traditional,purchase-only,monthly,USA or Census Division,East North Central Division,DV_ENC,2011,8,160.51,156.78
248,2011-09-01,traditional,purchase-only,monthly,USA or Census Division,East North Central Division,DV_ENC,2011,9,160.1,157.44
249,2011-10-01,traditional,purchase-only,monthly,USA or Census Division,East North Central Division,DV_ENC,2011,10,157.74,156.17
250,2011-11-01,traditional,purchase-only,monthly,USA or Census Division,East North Central Division,DV_ENC,2011,11,159.72,158.49
251,2011-12-01,traditional,purchase-only,monthly,USA or Census Division,East North Central Division,DV_ENC,2011,12,156.55,157.72
252,2012-01-01,traditional,purchase-only,monthly,USA or Census Division,East North Central Division,DV_ENC,2012,1,154.28,156.84
253,2012-02-01,traditional,purchase-only,monthly,USA or Census Division,East North Central Division,DV_ENC,2012,2,154.59,156.96
254,2012-03-01,traditional,purchase-only,monthly,USA or Census Division,East North Central Division,DV_ENC,2012,3,156.59,157.95
255,2012-04-01,traditional,purchase-only,monthly,USA or Census Division,East North Central Division,DV_ENC,2012,4,159.55,158.7
256,2012-05-01,traditional,purchase-only,monthly,USA or Census Division,East North Central Division,DV_ENC,2012,5,163.25,159.95
257,2012-06-01,traditional,purchase-only,monthly,USA or Census Division,East North Central Division,DV_ENC,2012,6,164.67,160.19
258,2012-07-01,traditional,purchase-only,monthly,USA or Census Division,East North Central Division,DV_ENC,2012,7,164.74,160.14
259,2012-08-01,traditional,purchase-only,monthly,USA or Census Division,East North Central Division,DV_ENC,2012,8,164.95,160.99
260,2012-09-01,traditional,purchase-only,monthly,USA or Census Division,East North Central Division,DV_ENC,2012,9,164.27,161.41
261,2012-10-01,traditional,purchase-only,monthly,USA or Census Division,East North Central Division,DV_ENC,2012,10,163.59,162.09
262,2012-11-01,traditional,purchase-only,monthly,USA or Census Division,East North Central Division,DV_ENC,2012,11,162.22,161.05
263,2012-12-01,traditional,purchase-only,monthly,USA or Census Division,East North Central Division,DV_ENC,2012,12,160.45,161.71
264,2013-01-01,traditional,purchase-only,monthly,USA or Census Division,East North Central Division,DV_ENC,2013,1,160.44,163.35
265,2013-02-01,traditional,purchase-only,monthly,USA or Census Division,East North Central Division,DV_ENC,2013,2,161.34,163.94
266,2013-03-01,traditional,purchase-only,monthly,USA or Census Division,East North Central Division,DV_ENC,2013,3,164.19,165.4
267,2013-04-01,traditional,purchase-only,monthly,USA or Census Division,East North Central Division,DV_ENC,2013,4,167.53,166.42
268,2013-05-01,traditional,purchase-only,monthly,USA or Census Division,East North Central Division,DV_ENC,2013,5,170.52,167.13
269,2013-06-01,traditional,purchase-only,monthly,USA or Census Division,East North Central Division,DV_ENC,2013,6,172.78,167.87
270,2013-07-01,traditional,purchase-only,monthly,USA or Census Division,East North Central Division,DV_ENC,2013,7,174.04,169.07
271,2013-08-01,traditional,purchase-only,monthly,USA or Census Division,East North Central Division,DV_ENC,2013,8,173.61,169.4
272,2013-09-01,traditional,purchase-only,monthly,USA or Census Division,East North Central Division,DV_ENC,2013,9,172.94,169.95
273,2013-10-01,traditional,purchase-only,monthly,USA or Census Division,East North Central Division,DV_ENC,2013,10,171.61,170.17
274,2013-11-01,traditional,purchase-only,monthly,USA or Census Division,East North Central Division,DV_ENC,2013,11,171.15,170.18
275,2013-12-01,traditional,purchase-only,monthly,USA or Census Division,East North Central Division,DV_ENC,2013,12,170.23,171.65
276,2014-01-01,traditional,purchase-only,monthly,USA or Census Division,East North Central Division,DV_ENC,2014,1,169.05,172.25
277,2014-02-01,traditional,purchase-only,monthly,USA or Census Division,East North Central Division,DV_ENC,2014,2,169.52,172.17
278,2014-03-01,traditional,purchase-only,monthly,USA or Census Division,East North Central Division,DV_ENC,2014,3,171.93,172.82
279,2014-04-01,traditional,purchase-only,monthly,USA or Census Division,East North Central Division,DV_ENC,2014,4,175.27,173.88
280,2014-05-01,traditional,purchase-only,monthly,USA or Census Division,East North Central Division,DV_ENC,2014,5,176.89,173.39
281,2014-06-01,traditional,purchase-only,monthly,USA or Census Division,East North Central Division,DV_ENC,2014,6,179.24,174.03
282,2014-07-01,traditional,purchase-only,monthly,USA or Census Division,East North Central Division,DV_ENC,2014,7,180.35,175.22
283,2014-08-01,traditional,purchase-only,monthly,USA or Census Division,East North Central Division,DV_ENC,2014,8,180.19,175.93
284,2014-09-01,traditional,purchase-only,monthly,USA or Census Division,East North Central Division,DV_ENC,2014,9,179.26,176.24
285,2014-10-01,traditional,purchase-only,monthly,USA or Census Division,East North Central Division,DV_ENC,2014,10,178.76,177.42
286,2014-11-01,traditional,purchase-only,monthly,USA or Census Division,East North Central Division,DV_ENC,2014,11,177.59,176.87
287,2014-12-01,traditional,purchase-only,monthly,USA or Census Division,East North Central Division,DV_ENC,2014,12,177.44,178.9
288,2015-01-01,traditional,purchase-only,monthly,USA or Census Division,East North Central Division,DV_ENC,2015,1,174.5,177.76
289,2015-02-01,traditional,purchase-only,monthly,USA or Census Division,East North Central Division,DV_ENC,2015,2,177.34,179.9
290,2015-03-01,traditional,purchase-only,monthly,USA or Census Division,East North Central Division,DV_ENC,2015,3,179.4,179.92
291,2015-04-01,traditional,purchase-only,monthly,USA or Census Division,East North Central Division,DV_ENC,2015,4,182.0,180.31
292,2015-05-01,traditional,purchase-only,monthly,USA or Census Division,East North Central Division,DV_ENC,2015,5,185.33,181.68
293,2015-06-01,traditional,purchase-only,monthly,USA or Census Division,East North Central Division,DV_ENC,2015,6,188.14,182.73
294,2015-07-01,traditional,purchase-only,monthly,USA or Census Division,East North Central Division,DV_ENC,2015,7,187.45,182.34
295,2015-08-01,traditional,purchase-only,monthly,USA or Census Division,East North Central Division,DV_ENC,2015,8,185.87,181.64
296,2015-09-01,traditional,purchase-only,monthly,USA or Census Division,East North Central Division,DV_ENC,2015,9,186.63,183.68
297,2015-10-01,traditional,purchase-only,monthly,USA or Census Division,East North Central Division,DV_ENC,2015,10,185.72,184.36
298,2015-11-01,traditional,purchase-only,monthly,USA or Census Division,East North Central Division,DV_ENC,2015,11,185.75,185.2
299,2015-12-01,traditional,purchase-only,monthly,USA or Census Division,East North Central Division,DV_ENC,2015,12,184.54,186.04
300,2016-01-01,traditional,purchase-only,monthly,USA or Census Division,East North Central Division,DV_ENC,2016,1,183.55,186.82
301,2016-02-01,traditional,purchase-only,monthly,USA or Census Division,East North Central Division,DV_ENC,2016,2,183.73,186.03
302,2016-03-01,traditional,purchase-only,monthly,USA or Census Division,East North Central Division,DV_ENC,2016,3,187.72,187.96
303,2016-04-01,traditional,purchase-only,monthly,USA or Census Division,East North Central Division,DV_ENC,2016,4,190.25,188.32
304,2016-05-01,traditional,purchase-only,monthly,USA or Census Division,East North Central Division,DV_ENC,2016,5,193.19,189.45
305,2016-06-01,traditional,purchase-only,monthly,USA or Census Division,East North Central Division,DV_ENC,2016,6,196.15,190.67
306,2016-07-01,traditional,purchase-only,monthly,USA or Census Division,East North Central Division,DV_ENC,2016,7,196.38,191.29
307,2016-08-01,traditional,purchase-only,monthly,USA or Census Division,East North Central Division,DV_ENC,2016,8,197.1,192.87
308,2016-09-01,traditional,purchase-only,monthly,USA or Census Division,East North Central Division,DV_ENC,2016,9,196.34,193.42
309,2016-10-01,traditional,purchase-only,monthly,USA or Census Division,East North Central Division,DV_ENC,2016,10,195.9,194.43
310,2016-11-01,traditional,purchase-only,monthly,USA or Census Division,East North Central Division,DV_ENC,2016,11,195.64,195.13
311,2016-12-01,traditional,purchase-only,monthly,USA or Census Division,East North Central Division,DV_ENC,2016,12,195.11,196.67
312,2017-01-01,traditional,purchase-only,monthly,USA or Census Division,East North Central Division,DV_ENC,2017,1,193.26,196.47
313,2017-02-01,traditional,purchase-only,monthly,USA or Census Division,East North Central Division,DV_ENC,2017,2,195.72,197.74
314,2017-03-01,traditional,purchase-only,monthly,USA or Census Division,East North Central Division,DV_ENC,2017,3,199.58,199.54
315,2017-04-01,traditional,purchase-only,monthly,USA or Census Division,East North Central Division,DV_ENC,2017,4,201.86,199.7
316,2017-05-01,traditional,purchase-only,monthly,USA or Census Division,East North Central Division,DV_ENC,2017,5,204.56,200.71
317,2017-06-01,traditional,purchase-only,monthly,USA or Census Division,East North Central Division,DV_ENC,2017,6,206.28,200.77
318,2017-07-01,traditional,purchase-only,monthly,USA or Census Division,East North Central Division,DV_ENC,2017,7,207.36,202.31
319,2017-08-01,traditional,purchase-only,monthly,USA or Census Division,East North Central Division,DV_ENC,2017,8,207.71,203.48
320,2017-09-01,traditional,purchase-only,monthly,USA or Census Division,East North Central Division,DV_ENC,2017,9,207.03,204.02
321,2017-10-01,traditional,purchase-only,monthly,USA or Census Division,East North Central Division,DV_ENC,2017,10,206.69,204.96
322,2017-11-01,traditional,purchase-only,monthly,USA or Census Division,East North Central Division,DV_ENC,2017,11,206.7,206.19
323,2017-12-01,traditional,purchase-only,monthly,USA or Census Division,East North Central Division,DV_ENC,2017,12,206.4,208.08
324,2018-01-01,traditional,purchase-only,monthly,USA or Census Division,East North Central Division,DV_ENC,2018,1,206.92,210.09
325,2018-02-01,traditional,purchase-only,monthly,USA or Census Division,East North Central Division,DV_ENC,2018,2,209.04,210.8
326,2018-03-01,traditional,purchase-only,monthly,USA or Census Division,East North Central Division,DV_ENC,2018,3,211.65,211.42
327,2018-04-01,traditional,purchase-only,monthly,USA or Census Division,East North Central Division,DV_ENC,2018,4,214.86,212.52
328,2018-05-01,traditional,purchase-only,monthly,USA or Census Division,East North Central Division,DV_ENC,2018,5,217.15,213.2
329,2018-06-01,traditional,purchase-only,monthly,USA or Census Division,East North Central Division,DV_ENC,2018,6,219.86,214.26
330,2018-07-01,traditional,purchase-only,monthly,USA or Census Division,East North Central Division,DV_ENC,2018,7,219.78,214.7
331,2018-08-01,traditional,purchase-only,monthly,USA or Census Division,East North Central Division,DV_ENC,2018,8,220.21,215.98
332,2018-09-01,traditional,purchase-only,monthly,USA or Census Division,East North Central Division,DV_ENC,2018,9,220.02,216.85
333,2018-10-01,traditional,purchase-only,monthly,USA or Census Division,East North Central Division,DV_ENC,2018,10,220.26,218.26
334,2018-11-01,traditional,purchase-only,monthly,USA or Census Division,East North Central Division,DV_ENC,2018,11,218.67,218.11
335,2018-12-01,traditional,purchase-only,monthly,USA or Census Division,East North Central Division,DV_ENC,2018,12,217.39,219.2
336,2019-01-01,traditional,purchase-only,monthly,USA or Census Division,East North Central Division,DV_ENC,2019,1,217.18,220.27
337,2019-02-01,traditional,purchase-only,monthly,USA or Census Division,East North Central Division,DV_ENC,2019,2,220.71,222.24
338,2019-03-01,traditional,purchase-only,monthly,USA or Census Division,East North Central Division,DV_ENC,2019,3,222.77,222.41
339,2019-04-01,traditional,purchase-only,monthly,USA or Census Division,East North Central Division,DV_ENC,2019,4,226.06,223.56
340,2019-05-01,traditional,purchase-only,monthly,USA or Census Division,East North Central Division,DV_ENC,2019,5,228.88,224.89
341,2019-06-01,traditional,purchase-only,monthly,USA or Census Division,East North Central Division,DV_ENC,2019,6,230.98,225.32
342,2019-07-01,traditional,purchase-only,monthly,USA or Census Division,East North Central Division,DV_ENC,2019,7,231.89,226.71
343,2019-08-01,traditional,purchase-only,monthly,USA or Census Division,East North Central Division,DV_ENC,2019,8,231.84,227.6
344,2019-09-01,traditional,purchase-only,monthly,USA or Census Division,East North Central Division,DV_ENC,2019,9,232.02,228.65
345,2019-10-01,traditional,purchase-only,monthly,USA or Census Division,East North Central Division,DV_ENC,2019,10,230.92,228.62
346,2019-11-01,traditional,purchase-only,monthly,USA or Census Division,East North Central Division,DV_ENC,2019,11,231.89,231.23
347,2019-12-01,traditional,purchase-only,monthly,USA or Census Division,East North Central Division,DV_ENC,2019,12,230.11,232.04
348,2020-01-01,traditional,purchase-only,monthly,USA or Census Division,East North Central Division,DV_ENC,2020,1,230.06,233.15
349,2020-02-01,traditional,purchase-only,monthly,USA or Census Division,East North Central Division,DV_ENC,2020,2,234.28,235.66
350,2020-03-01,traditional,purchase-only,monthly,USA or Census Division,East North Central Division,DV_ENC,2020,3,237.08,236.66
351,2020-04-01,traditional,purchase-only,monthly,USA or Census Division,East North Central Division,DV_ENC,2020,4,239.96,237.33
352,2020-05-01,traditional,purchase-only,monthly,USA or Census Division,East North Central Division,DV_ENC,2020,5,241.27,237.16
353,2020-06-01,traditional,purchase-only,monthly,USA or Census Division,East North Central Division,DV_ENC,2020,6,244.61,238.71
354,2020-07-01,traditional,purchase-only,monthly,USA or Census Division,East North Central Division,DV_ENC,2020,7,248.09,242.67
355,2020-08-01,traditional,purchase-only,monthly,USA or Census Division,East North Central Division,DV_ENC,2020,8,250.58,246.19
356,2020-09-01,traditional,purchase-only,monthly,USA or Census Division,East North Central Division,DV_ENC,2020,9,253.34,249.62
357,2020-10-01,traditional,purchase-only,monthly,USA or Census Division,East North Central Division,DV_ENC,2020,10,255.73,253.08
358,2020-11-01,traditional,purchase-only,monthly,USA or Census Division,East North Central Division,DV_ENC,2020,11,256.56,255.77
359,2020-12-01,traditional,purchase-only,monthly,USA or Census Division,East North Central Division,DV_ENC,2020,12,257.4,259.55
360,2021-01-01,traditional,purchase-only,monthly,USA or Census Division,East North Central Division,DV_ENC,2021,1,258.4,261.73
361,2021-02-01,traditional,purchase-only,monthly,USA or Census Division,East North Central Division,DV_ENC,2021,2,262.62,264.04
362,2021-03-01,traditional,purchase-only,monthly,USA or Census Division,East North Central Division,DV_ENC,2021,3,267.85,267.37
363,2021-04-01,traditional,purchase-only,monthly,USA or Census Division,East North Central Division,DV_ENC,2021,4,274.3,271.3
364,2021-05-01,traditional,purchase-only,monthly,USA or Census Division,East North Central Division,DV_ENC,2021,5,280.27,275.55
365,2021-06-01,traditional,purchase-only,monthly,USA or Census Division,East North Central Division,DV_ENC,2021,6,286.48,279.62
366,2021-07-01,traditional,purchase-only,monthly,USA or Census Division,East North Central Division,DV_ENC,2021,7,288.18,281.94
367,2021-08-01,traditional,purchase-only,monthly,USA or Census Division,East North Central Division,DV_ENC,2021,8,288.33,283.36
368,1991-01-01,traditional,purchase-only,monthly,USA or Census Division,East South Central Division,DV_ESC,1991,1,100.0,100.0
369,1991-02-01,traditional,purchase-only,monthly,USA or Census Division,East South Central Division,DV_ESC,1991,2,100.95,100.58
370,1991-03-01,traditional,purchase-only,monthly,USA or Census Division,East South Central Division,DV_ESC,1991,3,100.88,100.47
371,1991-04-01,traditional,purchase-only,monthly,USA or Census Division,East South Central Division,DV_ESC,1991,4,100.82,100.48
372,1991-05-01,traditional,purchase-only,monthly,USA or Census Division,East South Central Division,DV_ESC,1991,5,101.11,100.72
373,1991-06-01,traditional,purchase-only,monthly,USA or Census Division,East South Central Division,DV_ESC,1991,6,102.03,101.52
374,1991-07-01,traditional,purchase-only,monthly,USA or Census Division,East South Central Division,DV_ESC,1991,7,101.9,101.43
375,1991-08-01,traditional,purchase-only,monthly,USA or Census Division,East South Central Division,DV_ESC,1991,8,101.66,100.82
376,1991-09-01,traditional,purchase-only,monthly,USA or Census Division,East South Central Division,DV_ESC,1991,9,101.97,101.19
377,1991-10-01,traditional,purchase-only,monthly,USA or Census Division,East South Central Division,DV_ESC,1991,10,101.95,101.64
378,1991-11-01,traditional,purchase-only,monthly,USA or Census Division,East South Central Division,DV_ESC,1991,11,102.78,102.2
379,1991-12-01,traditional,purchase-only,monthly,USA or Census Division,East South Central Division,DV_ESC,1991,12,103.38,103.29
380,1992-01-01,traditional,purchase-only,monthly,USA or Census Division,East South Central Division,DV_ESC,1992,1,103.29,103.3
381,1992-02-01,traditional,purchase-only,monthly,USA or Census Division,East South Central Division,DV_ESC,1992,2,104.47,104.11
382,1992-03-01,traditional,purchase-only,monthly,USA or Census Division,East South Central Division,DV_ESC,1992,3,104.25,103.82
383,1992-04-01,traditional,purchase-only,monthly,USA or Census Division,East South Central Division,DV_ESC,1992,4,103.73,103.37
384,1992-05-01,traditional,purchase-only,monthly,USA or Census Division,East South Central Division,DV_ESC,1992,5,104.51,104.12
385,1992-06-01,traditional,purchase-only,monthly,USA or Census Division,East South Central Division,DV_ESC,1992,6,104.73,104.16
386,1992-07-01,traditional,purchase-only,monthly,USA or Census Division,East South Central Division,DV_ESC,1992,7,105.26,104.73
387,1992-08-01,traditional,purchase-only,monthly,USA or Census Division,East South Central Division,DV_ESC,1992,8,106.31,105.41
388,1992-09-01,traditional,purchase-only,monthly,USA or Census Division,East South Central Division,DV_ESC,1992,9,106.67,105.87
389,1992-10-01,traditional,purchase-only,monthly,USA or Census Division,East South Central Division,DV_ESC,1992,10,106.95,106.59
390,1992-11-01,traditional,purchase-only,monthly,USA or Census Division,East South Central Division,DV_ESC,1992,11,106.88,106.28
391,1992-12-01,traditional,purchase-only,monthly,USA or Census Division,East South Central Division,DV_ESC,1992,12,106.9,106.78
392,1993-01-01,traditional,purchase-only,monthly,USA or Census Division,East South Central Division,DV_ESC,1993,1,106.99,107.01
393,1993-02-01,traditional,purchase-only,monthly,USA or Census Division,East South Central Division,DV_ESC,1993,2,106.94,106.62
394,1993-03-01,traditional,purchase-only,monthly,USA or Census Division,East South Central Division,DV_ESC,1993,3,108.38,107.93
395,1993-04-01,traditional,purchase-only,monthly,USA or Census Division,East South Central Division,DV_ESC,1993,4,108.75,108.33
396,1993-05-01,traditional,purchase-only,monthly,USA or Census Division,East South Central Division,DV_ESC,1993,5,109.19,108.75
397,1993-06-01,traditional,purchase-only,monthly,USA or Census Division,East South Central Division,DV_ESC,1993,6,109.59,108.9
398,1993-07-01,traditional,purchase-only,monthly,USA or Census Division,East South Central Division,DV_ESC,1993,7,109.92,109.32
399,1993-08-01,traditional,purchase-only,monthly,USA or Census Division,East South Central Division,DV_ESC,1993,8,110.91,109.95
400,1993-09-01,traditional,purchase-only,monthly,USA or Census Division,East South Central Division,DV_ESC,1993,9,111.82,110.99
401,1993-10-01,traditional,purchase-only,monthly,USA or Census Division,East South Central Division,DV_ESC,1993,10,111.33,110.9
402,1993-11-01,traditional,purchase-only,monthly,USA or Census Division,East South Central Division,DV_ESC,1993,11,112.18,111.6
403,1993-12-01,traditional,purchase-only,monthly,USA or Census Division,East South Central Division,DV_ESC,1993,12,112.26,112.1
404,1994-01-01,traditional,purchase-only,monthly,USA or Census Division,East South Central Division,DV_ESC,1994,1,112.81,112.86
405,1994-02-01,traditional,purchase-only,monthly,USA or Census Division,East South Central Division,DV_ESC,1994,2,114.06,113.79
406,1994-03-01,traditional,purchase-only,monthly,USA or Census Division,East South Central Division,DV_ESC,1994,3,114.11,113.67
407,1994-04-01,traditional,purchase-only,monthly,USA or Census Division,East South Central Division,DV_ESC,1994,4,115.22,114.73
408,1994-05-01,traditional,purchase-only,monthly,USA or Census Division,East South Central Division,DV_ESC,1994,5,115.63,115.12
409,1994-06-01,traditional,purchase-only,monthly,USA or Census Division,East South Central Division,DV_ESC,1994,6,116.24,115.43
410,1994-07-01,traditional,purchase-only,monthly,USA or Census Division,East South Central Division,DV_ESC,1994,7,116.46,115.78
411,1994-08-01,traditional,purchase-only,monthly,USA or Census Division,East South Central Division,DV_ESC,1994,8,117.29,116.27
412,1994-09-01,traditional,purchase-only,monthly,USA or Census Division,East South Central Division,DV_ESC,1994,9,116.93,116.12
413,1994-10-01,traditional,purchase-only,monthly,USA or Census Division,East South Central Division,DV_ESC,1994,10,117.57,117.14
414,1994-11-01,traditional,purchase-only,monthly,USA or Census Division,East South Central Division,DV_ESC,1994,11,118.25,117.68
415,1994-12-01,traditional,purchase-only,monthly,USA or Census Division,East South Central Division,DV_ESC,1994,12,117.82,117.63
416,1995-01-01,traditional,purchase-only,monthly,USA or Census Division,East South Central Division,DV_ESC,1995,1,117.75,117.79
417,1995-02-01,traditional,purchase-only,monthly,USA or Census Division,East South Central Division,DV_ESC,1995,2,119.16,118.95
418,1995-03-01,traditional,purchase-only,monthly,USA or Census Division,East South Central Division,DV_ESC,1995,3,119.72,119.27
419,1995-04-01,traditional,purchase-only,monthly,USA or Census Division,East South Central Division,DV_ESC,1995,4,119.47,118.88
420,1995-05-01,traditional,purchase-only,monthly,USA or Census Division,East South Central Division,DV_ESC,1995,5,119.92,119.33
421,1995-06-01,traditional,purchase-only,monthly,USA or Census Division,East South Central Division,DV_ESC,1995,6,121.73,120.76
422,1995-07-01,traditional,purchase-only,monthly,USA or Census Division,East South Central Division,DV_ESC,1995,7,122.09,121.34
423,1995-08-01,traditional,purchase-only,monthly,USA or Census Division,East South Central Division,DV_ESC,1995,8,122.14,121.08
424,1995-09-01,traditional,purchase-only,monthly,USA or Census Division,East South Central Division,DV_ESC,1995,9,122.52,121.74
425,1995-10-01,traditional,purchase-only,monthly,USA or Census Division,East South Central Division,DV_ESC,1995,10,123.27,122.84
426,1995-11-01,traditional,purchase-only,monthly,USA or Census Division,East South Central Division,DV_ESC,1995,11,123.48,122.93
427,1995-12-01,traditional,purchase-only,monthly,USA or Census Division,East South Central Division,DV_ESC,1995,12,123.69,123.49
428,1996-01-01,traditional,purchase-only,monthly,USA or Census Division,East South Central Division,DV_ESC,1996,1,123.82,123.85
429,1996-02-01,traditional,purchase-only,monthly,USA or Census Division,East South Central Division,DV_ESC,1996,2,123.7,123.52
430,1996-03-01,traditional,purchase-only,monthly,USA or Census Division,East South Central Division,DV_ESC,1996,3,124.51,124.06
431,1996-04-01,traditional,purchase-only,monthly,USA or Census Division,East South Central Division,DV_ESC,1996,4,125.41,124.77
432,1996-05-01,traditional,purchase-only,monthly,USA or Census Division,East South Central Division,DV_ESC,1996,5,126.29,125.61
433,1996-06-01,traditional,purchase-only,monthly,USA or Census Division,East South Central Division,DV_ESC,1996,6,126.71,125.63
434,1996-07-01,traditional,purchase-only,monthly,USA or Census Division,East South Central Division,DV_ESC,1996,7,127.71,126.89
435,1996-08-01,traditional,purchase-only,monthly,USA or Census Division,East South Central Division,DV_ESC,1996,8,127.74,126.69
436,1996-09-01,traditional,purchase-only,monthly,USA or Census Division,East South Central Division,DV_ESC,1996,9,127.73,127.01
437,1996-10-01,traditional,purchase-only,monthly,USA or Census Division,East South Central Division,DV_ESC,1996,10,128.21,127.84
438,1996-11-01,traditional,purchase-only,monthly,USA or Census Division,East South Central Division,DV_ESC,1996,11,128.11,127.56
439,1996-12-01,traditional,purchase-only,monthly,USA or Census Division,East South Central Division,DV_ESC,1996,12,128.38,128.17
440,1997-01-01,traditional,purchase-only,monthly,USA or Census Division,East South Central Division,DV_ESC,1997,1,128.45,128.4
441,1997-02-01,traditional,purchase-only,monthly,USA or Census Division,East South Central Division,DV_ESC,1997,2,129.78,129.61
442,1997-03-01,traditional,purchase-only,monthly,USA or Census Division,East South Central Division,DV_ESC,1997,3,129.83,129.4
443,1997-04-01,traditional,purchase-only,monthly,USA or Census Division,East South Central Division,DV_ESC,1997,4,130.5,129.84
444,1997-05-01,traditional,purchase-only,monthly,USA or Census Division,East South Central Division,DV_ESC,1997,5,130.31,129.55
445,1997-06-01,traditional,purchase-only,monthly,USA or Census Division,East South Central Division,DV_ESC,1997,6,131.24,130.07
446,1997-07-01,traditional,purchase-only,monthly,USA or Census Division,East South Central Division,DV_ESC,1997,7,131.57,130.7
447,1997-08-01,traditional,purchase-only,monthly,USA or Census Division,East South Central Division,DV_ESC,1997,8,131.86,130.86
448,1997-09-01,traditional,purchase-only,monthly,USA or Census Division,East South Central Division,DV_ESC,1997,9,131.37,130.64
449,1997-10-01,traditional,purchase-only,monthly,USA or Census Division,East South Central Division,DV_ESC,1997,10,131.27,130.92
450,1997-11-01,traditional,purchase-only,monthly,USA or Census Division,East South Central Division,DV_ESC,1997,11,132.05,131.49
451,1997-12-01,traditional,purchase-only,monthly,USA or Census Division,East South Central Division,DV_ESC,1997,12,132.26,132.03
452,1998-01-01,traditional,purchase-only,monthly,USA or Census Division,East South Central Division,DV_ESC,1998,1,132.86,132.7
453,1998-02-01,traditional,purchase-only,monthly,USA or Census Division,East South Central Division,DV_ESC,1998,2,132.92,132.72
454,1998-03-01,traditional,purchase-only,monthly,USA or Census Division,East South Central Division,DV_ESC,1998,3,134.05,133.65
455,1998-04-01,traditional,purchase-only,monthly,USA or Census Division,East South Central Division,DV_ESC,1998,4,134.67,134.0
456,1998-05-01,traditional,purchase-only,monthly,USA or Census Division,East South Central Division,DV_ESC,1998,5,135.57,134.74
457,1998-06-01,traditional,purchase-only,monthly,USA or Census Division,East South Central Division,DV_ESC,1998,6,136.56,135.34
458,1998-07-01,traditional,purchase-only,monthly,USA or Census Division,East South Central Division,DV_ESC,1998,7,136.27,135.34
459,1998-08-01,traditional,purchase-only,monthly,USA or Census Division,East South Central Division,DV_ESC,1998,8,136.43,135.47
460,1998-09-01,traditional,purchase-only,monthly,USA or Census Division,East South Central Division,DV_ESC,1998,9,137.54,136.74
461,1998-10-01,traditional,purchase-only,monthly,USA or Census Division,East South Central Division,DV_ESC,1998,10,137.32,136.92
462,1998-11-01,traditional,purchase-only,monthly,USA or Census Division,East South Central Division,DV_ESC,1998,11,138.44,137.87
463,1998-12-01,traditional,purchase-only,monthly,USA or Census Division,East South Central Division,DV_ESC,1998,12,138.38,138.15
464,1999-01-01,traditional,purchase-only,monthly,USA or Census Division,East South Central Division,DV_ESC,1999,1,138.91,138.59
465,1999-02-01,traditional,purchase-only,monthly,USA or Census Division,East South Central Division,DV_ESC,1999,2,139.52,139.34
466,1999-03-01,traditional,purchase-only,monthly,USA or Census Division,East South Central Division,DV_ESC,1999,3,140.39,140.04
467,1999-04-01,traditional,purchase-only,monthly,USA or Census Division,East South Central Division,DV_ESC,1999,4,140.7,140.04
468,1999-05-01,traditional,purchase-only,monthly,USA or Census Division,East South Central Division,DV_ESC,1999,5,141.5,140.66
469,1999-06-01,traditional,purchase-only,monthly,USA or Census Division,East South Central Division,DV_ESC,1999,6,142.05,140.78
470,1999-07-01,traditional,purchase-only,monthly,USA or Census Division,East South Central Division,DV_ESC,1999,7,142.32,141.35
471,1999-08-01,traditional,purchase-only,monthly,USA or Census Division,East South Central Division,DV_ESC,1999,8,142.65,141.7
472,1999-09-01,traditional,purchase-only,monthly,USA or Census Division,East South Central Division,DV_ESC,1999,9,143.22,142.32
473,1999-10-01,traditional,purchase-only,monthly,USA or Census Division,East South Central Division,DV_ESC,1999,10,142.7,142.17
474,1999-11-01,traditional,purchase-only,monthly,USA or Census Division,East South Central Division,DV_ESC,1999,11,143.64,143.08
475,1999-12-01,traditional,purchase-only,monthly,USA or Census Division,East South Central Division,DV_ESC,1999,12,143.86,143.66
476,2000-01-01,traditional,purchase-only,monthly,USA or Census Division,East South Central Division,DV_ESC,2000,1,144.52,144.09
477,2000-02-01,traditional,purchase-only,monthly,USA or Census Division,East South Central Division,DV_ESC,2000,2,144.5,144.35
478,2000-03-01,traditional,purchase-only,monthly,USA or Census Division,East South Central Division,DV_ESC,2000,3,144.8,144.49
479,2000-04-01,traditional,purchase-only,monthly,USA or Census Division,East South Central Division,DV_ESC,2000,4,146.16,145.56
480,2000-05-01,traditional,purchase-only,monthly,USA or Census Division,East South Central Division,DV_ESC,2000,5,146.31,145.48
481,2000-06-01,traditional,purchase-only,monthly,USA or Census Division,East South Central Division,DV_ESC,2000,6,147.2,145.86
482,2000-07-01,traditional,purchase-only,monthly,USA or Census Division,East South Central Division,DV_ESC,2000,7,147.62,146.57
483,2000-08-01,traditional,purchase-only,monthly,USA or Census Division,East South Central Division,DV_ESC,2000,8,147.14,146.11
484,2000-09-01,traditional,purchase-only,monthly,USA or Census Division,East South Central Division,DV_ESC,2000,9,147.18,146.2
485,2000-10-01,traditional,purchase-only,monthly,USA or Census Division,East South Central Division,DV_ESC,2000,10,147.37,146.65
486,2000-11-01,traditional,purchase-only,monthly,USA or Census Division,East South Central Division,DV_ESC,2000,11,147.81,147.28
487,2000-12-01,traditional,purchase-only,monthly,USA or Census Division,East South Central Division,DV_ESC,2000,12,146.86,146.68
488,2001-01-01,traditional,purchase-only,monthly,USA or Census Division,East South Central Division,DV_ESC,2001,1,148.21,147.7
489,2001-02-01,traditional,purchase-only,monthly,USA or Census Division,East South Central Division,DV_ESC,2001,2,148.4,148.32
490,2001-03-01,traditional,purchase-only,monthly,USA or Census Division,East South Central Division,DV_ESC,2001,3,148.73,148.48
491,2001-04-01,traditional,purchase-only,monthly,USA or Census Division,East South Central Division,DV_ESC,2001,4,149.34,148.8
492,2001-05-01,traditional,purchase-only,monthly,USA or Census Division,East South Central Division,DV_ESC,2001,5,150.52,149.72
493,2001-06-01,traditional,purchase-only,monthly,USA or Census Division,East South Central Division,DV_ESC,2001,6,150.98,149.53
494,2001-07-01,traditional,purchase-only,monthly,USA or Census Division,East South Central Division,DV_ESC,2001,7,150.97,149.8
495,2001-08-01,traditional,purchase-only,monthly,USA or Census Division,East South Central Division,DV_ESC,2001,8,151.37,150.2
496,2001-09-01,traditional,purchase-only,monthly,USA or Census Division,East South Central Division,DV_ESC,2001,9,151.7,150.66
497,2001-10-01,traditional,purchase-only,monthly,USA or Census Division,East South Central Division,DV_ESC,2001,10,152.79,151.86
498,2001-11-01,traditional,purchase-only,monthly,USA or Census Division,East South Central Division,DV_ESC,2001,11,152.18,151.68
